<?xml version="1.0" encoding="UTF-8"?>
<jcr:root xmlns:sling="http://sling.apache.org/jcr/sling/1.0" xmlns:cq="http://www.day.com/jcr/cq/1.0" xmlns:jcr="http://www.jcp.org/jcr/1.0" xmlns:nt="http://www.jcp.org/jcr/nt/1.0"
    jcr:primaryType="nt:unstructured"
    jcr:title="Configure Technologies"
    sling:resourceType="cq/gui/components/authoring/dialog">
    <content
        jcr:primaryType="nt:unstructured"
        sling:resourceType="granite/ui/components/coral/foundation/container">
        <items jcr:primaryType="nt:unstructured">
            <mytabs
                jcr:primaryType="nt:unstructured"
                sling:resourceType="granite/ui/components/coral/foundation/tabs">
                <items jcr:primaryType="nt:unstructured">
                    <tab1
                        jcr:primaryType="nt:unstructured"
                        jcr:title="Technologies Logo"
                        sling:resourceType="granite/ui/components/coral/foundation/container">
                        <items jcr:primaryType="nt:unstructured">
                            <columns
                                jcr:primaryType="nt:unstructured"
                                sling:resourceType="granite/ui/components/coral/foundation/fixedcolumns">
                                <items jcr:primaryType="nt:unstructured">
                                    <column
                                        jcr:primaryType="nt:unstructured"
                                        sling:resourceType="granite/ui/components/coral/foundation/container">
                                        <items jcr:primaryType="nt:unstructured">
                                            <techlogo1
                                                jcr:primaryType="nt:unstructured"
                                                sling:resourceType="granite/ui/components/coral/foundation/form/fileupload"
                                                fieldDescription="Choose first technology logo."
                                                fieldLabel="Choose Logo 1"
                                                name="./techlogo1"
                                                required="{Boolean}true"
                                                text="Choose Logo"/>
                                            <techlogo2
                                                jcr:primaryType="nt:unstructured"
                                                sling:resourceType="granite/ui/components/coral/foundation/form/fileupload"
                                                fieldDescription="Choose second technology logo."
                                                fieldLabel="Choose Logo 2"
                                                name="./techlogo2"
                                                text="Choose Logo"/>
                                            <techlogo3
                                                jcr:primaryType="nt:unstructured"
                                                sling:resourceType="granite/ui/components/coral/foundation/form/fileupload"
                                                fieldDescription="Choose third technology logo."
                                                fieldLabel="Choose Logo 3"
                                                name="./techlogo3"
                                                text="Choose Logo"/>
                                            <techlogo4
                                                jcr:primaryType="nt:unstructured"
                                                sling:resourceType="granite/ui/components/coral/foundation/form/fileupload"
                                                fieldDescription="Choose fourth technology logo."
                                                fieldLabel="Choose Logo 4"
                                                name="./techlogo4"
                                                text="Choose Logo"/>
                                            <techlogo5
                                                jcr:primaryType="nt:unstructured"
                                                sling:resourceType="granite/ui/components/coral/foundation/form/fileupload"
                                                fieldDescription="Choose fifth technology logo."
                                                fieldLabel="Choose Logo 5"
                                                name="./techlogo5"
                                                text="Choose Logo"/>
                                            <techlogo6
                                                jcr:primaryType="nt:unstructured"
                                                sling:resourceType="granite/ui/components/coral/foundation/form/fileupload"
                                                fieldDescription="Choose six technology logo."
                                                fieldLabel="Choose Logo 6"
                                                name="./techlogo6"
                                                text="Choose Logo"/>
                                        </items>
                                    </column>
                                </items>
                            </columns>
                        </items>
                    </tab1>
                    <tab2
                        jcr:primaryType="nt:unstructured"
                        jcr:title="Technologies Description"
                        sling:resourceType="granite/ui/components/coral/foundation/container">
                        <items jcr:primaryType="nt:unstructured">
                            <columns
                                jcr:primaryType="nt:unstructured"
                                sling:resourceType="granite/ui/components/coral/foundation/fixedcolumns">
                                <items jcr:primaryType="nt:unstructured">
                                    <column
                                        jcr:primaryType="nt:unstructured"
                                        sling:resourceType="granite/ui/components/coral/foundation/container">
                                        <items jcr:primaryType="nt:unstructured">
                                            <head
                                                jcr:primaryType="nt:unstructured"
                                                sling:resourceType="granite/ui/components/coral/foundation/form/textfield"
                                                fieldDescription="Enter heading for technology stack."
                                                fieldLabel="Technology Stack Heading "
                                                name="./head"
                                                required="{Boolean}true"/>
                                            <content
                                                jcr:primaryType="nt:unstructured"
                                                sling:resourceType="granite/ui/components/coral/foundation/form/textfield"
                                                fieldDescription="Enter content for technology stack."
                                                fieldLabel="Technology Stack Content"
                                                name="./content"
                                                required="{Boolean}true"/>
                                            <footHead
                                                jcr:primaryType="nt:unstructured"
                                                sling:resourceType="granite/ui/components/coral/foundation/form/textfield"
                                                fieldDescription="Enter foot head for technology stack."
                                                fieldLabel="Technology Stack Foot"
                                                name="./footHead"
                                                required="{Boolean}true"/>
                                        </items>
                                    </column>
                                </items>
                            </columns>
                        </items>
                    </tab2>
                    <tab3
                        jcr:primaryType="nt:unstructured"
                        jcr:title="Technologies Description"
                        sling:resourceType="granite/ui/components/coral/foundation/container">
                        <items jcr:primaryType="nt:unstructured">
                            <columns
                                jcr:primaryType="nt:unstructured"
                                sling:resourceType="granite/ui/components/coral/foundation/fixedcolumns">
                                <items jcr:primaryType="nt:unstructured">
                                    <column
                                        jcr:primaryType="nt:unstructured"
                                        sling:resourceType="granite/ui/components/coral/foundation/container">
                                        <items jcr:primaryType="nt:unstructured">
                                            <buttonText1
                                                jcr:primaryType="nt:unstructured"
                                                sling:resourceType="granite/ui/components/coral/foundation/form/textfield"
                                                fieldDescription="Enter button one text."
                                                fieldLabel="Button-1 Text"
                                                name="./buttonText1"
                                                required="{Boolean}true"/>
                                            <buttonAction1
                                                jcr:primaryType="nt:unstructured"
                                                sling:resourceType="granite/ui/components/coral/foundation/form/textfield"
                                                emptyText="https://www.example.com or /web-page/learnmore.html"
                                                fieldDescription="Enter button one action."
                                                fieldLabel="Button-1 Action (URL)"
                                                name="./buttonAction1"
                                                required="{Boolean}true"
                                                text="http://"/>
                                            <buttonText2
                                                jcr:primaryType="nt:unstructured"
                                                sling:resourceType="granite/ui/components/coral/foundation/form/textfield"
                                                fieldDescription="Enter button two text."
                                                fieldLabel="Button-2 Text"
                                                name="./buttonText2"/>
                                            <buttonAction2
                                                jcr:primaryType="nt:unstructured"
                                                sling:resourceType="granite/ui/components/coral/foundation/form/textfield"
                                                emptyText="https://www.example.com or /web-page/learnmore.html"
                                                fieldDescription="Enter button two action."
                                                fieldLabel="Button-2 Action (URL)"
                                                name="./buttonAction2"
                                                text="http://"/>
                                            <buttonText3
                                                jcr:primaryType="nt:unstructured"
                                                sling:resourceType="granite/ui/components/coral/foundation/form/textfield"
                                                fieldDescription="Enter button three text."
                                                fieldLabel="Button-3 Text"
                                                name="./buttonText3"/>
                                            <buttonAction3
                                                jcr:primaryType="nt:unstructured"
                                                sling:resourceType="granite/ui/components/coral/foundation/form/textfield"
                                                emptyText="https://www.example.com or /web-page/learnmore.html"
                                                fieldDescription="Enter button three action."
                                                fieldLabel="Button-3 Action (URL)"
                                                name="./buttonAction3"
                                                text="http://"/>
                                            <buttonText4
                                                jcr:primaryType="nt:unstructured"
                                                sling:resourceType="granite/ui/components/coral/foundation/form/textfield"
                                                fieldDescription="Enter button four text."
                                                fieldLabel="Button-4 Text"
                                                name="./buttonText4"/>
                                            <buttonAction4
                                                jcr:primaryType="nt:unstructured"
                                                sling:resourceType="granite/ui/components/coral/foundation/form/textfield"
                                                emptyText="https://www.example.com or /web-page/learnmore.html"
                                                fieldDescription="Enter button four action."
                                                fieldLabel="Button-4 Action (URL)"
                                                name="./buttonAction4"
                                                text="http://"/>
                                            <buttonText5
                                                jcr:primaryType="nt:unstructured"
                                                sling:resourceType="granite/ui/components/coral/foundation/form/textfield"
                                                fieldDescription="Enter button five text."
                                                fieldLabel="Button-5 Text"
                                                name="./buttonText5"/>
                                            <buttonAction5
                                                jcr:primaryType="nt:unstructured"
                                                sling:resourceType="granite/ui/components/coral/foundation/form/textfield"
                                                emptyText="https://www.example.com or /web-page/learnmore.html"
                                                fieldDescription="Enter button five action."
                                                fieldLabel="Button-5 Action (URL)"
                                                name="./buttonAction5"
                                                text="http://"/>
                                        </items>
                                    </column>
                                </items>
                            </columns>
                        </items>
                    </tab3>
                </items>
            </mytabs>
        </items>
    </content>
</jcr:root>
