<?xml version="1.0" encoding="UTF-8"?>
<jcr:root xmlns:sling="http://sling.apache.org/jcr/sling/1.0" xmlns:cq="http://www.day.com/jcr/cq/1.0" xmlns:jcr="http://www.jcp.org/jcr/1.0" xmlns:nt="http://www.jcp.org/jcr/nt/1.0"
    jcr:primaryType="nt:unstructured"
    jcr:title="Configure Success Stories"
    sling:resourceType="cq/gui/components/authoring/dialog">
    <content
        jcr:primaryType="nt:unstructured"
        sling:resourceType="granite/ui/components/coral/foundation/container">
        <items jcr:primaryType="nt:unstructured">
            <mytabs
                jcr:primaryType="nt:unstructured"
                sling:resourceType="granite/ui/components/coral/foundation/tabs">
                <items jcr:primaryType="nt:unstructured">
                    <tab1
                        jcr:primaryType="nt:unstructured"
                        jcr:title="Add Stories"
                        sling:resourceType="granite/ui/components/coral/foundation/container">
                        <items jcr:primaryType="nt:unstructured">
                            <columns
                                jcr:primaryType="nt:unstructured"
                                sling:resourceType="granite/ui/components/coral/foundation/fixedcolumns">
                                <items jcr:primaryType="nt:unstructured">
                                    <column
                                        jcr:primaryType="nt:unstructured"
                                        sling:resourceType="granite/ui/components/coral/foundation/container">
                                        <items jcr:primaryType="nt:unstructured">
                                            <contentSnippet
                                                jcr:primaryType="nt:unstructured"
                                                sling:resourceType="granite/ui/components/coral/foundation/form/textfield"
                                                fieldDescription="Stories content snippet that to be appeared on Success Stories thumbnails."
                                                fieldLabel="Stories Content Snippet"
                                                name="./contentSnippet"
                                                required="{Boolean}true"/>
                                            <contentAction
                                                jcr:primaryType="nt:unstructured"
                                                sling:resourceType="granite/ui/components/coral/foundation/form/textfield"
                                                emptyText="https://www.example.com or /web-page/learnmore.html"
                                                fieldDescription="Action when stories content snippet is clicked."
                                                fieldLabel="Stories Action (URL)"
                                                name="./contentAction"
                                                required="{Boolean}true"
                                                text="http://"/>
                                            <storyCover
                                                jcr:primaryType="nt:unstructured"
                                                sling:resourceType="granite/ui/components/coral/foundation/form/fileupload"
                                                fieldDescription="Success stories cover image."
                                                fieldLabel="Choose Story Cover"
                                                name="./storyCover"
                                                required="{Boolean}true"
                                                text="Choose File"/>
                                            <storyProfile
                                                jcr:primaryType="nt:unstructured"
                                                sling:resourceType="granite/ui/components/coral/foundation/form/fileupload"
                                                fieldDescription="Success stories profile image."
                                                fieldLabel="Choose Story Profile"
                                                name="./storyProfile"
                                                required="{Boolean}true"
                                                text="Choose File"/>
                                        </items>
                                    </column>
                                </items>
                            </columns>
                        </items>
                    </tab1>
                    <tab2
                        jcr:primaryType="nt:unstructured"
                        jcr:title="Add Success Story Tags"
                        sling:resourceType="granite/ui/components/coral/foundation/container">
                        <items jcr:primaryType="nt:unstructured">
                            <columns
                                jcr:primaryType="nt:unstructured"
                                sling:resourceType="granite/ui/components/coral/foundation/fixedcolumns">
                                <items jcr:primaryType="nt:unstructured">
                                    <column
                                        jcr:primaryType="nt:unstructured"
                                        sling:resourceType="granite/ui/components/coral/foundation/container">
                                        <items jcr:primaryType="nt:unstructured">
                                            <tagText1
                                                jcr:primaryType="nt:unstructured"
                                                sling:resourceType="granite/ui/components/coral/foundation/form/textfield"
                                                fieldDescription="Tag text 1 for success stories."
                                                fieldLabel="Story Tag Text 1"
                                                name="./tagText1"
                                                required="{Boolean}true"/>
                                            <tagAction1
                                                jcr:primaryType="nt:unstructured"
                                                sling:resourceType="granite/ui/components/coral/foundation/form/textfield"
                                                emptyText="https://www.example.com or /web-page/learnmore.html"
                                                fieldDescription="Enter tag item one action."
                                                fieldLabel="Tag Item 1 Action (URL)"
                                                name="./tagAction1"
                                                required="{Boolean}true"
                                                text="http://"/>
                                            <tagText2
                                                jcr:primaryType="nt:unstructured"
                                                sling:resourceType="granite/ui/components/coral/foundation/form/textfield"
                                                fieldDescription="Tag text 2 for success stories."
                                                fieldLabel="Story Tag Text 2"
                                                name="./tagText2"/>
                                            <tagAction2
                                                jcr:primaryType="nt:unstructured"
                                                sling:resourceType="granite/ui/components/coral/foundation/form/textfield"
                                                emptyText="https://www.example.com or /web-page/learnmore.html"
                                                fieldDescription="Enter tag item two action."
                                                fieldLabel="Tag Item 2 Action (URL)"
                                                name="./tagAction2"
                                                text="http://"/>
                                            <tagText3
                                                jcr:primaryType="nt:unstructured"
                                                sling:resourceType="granite/ui/components/coral/foundation/form/textfield"
                                                fieldDescription="Tag text 3 for success stories."
                                                fieldLabel="Story Tag Text 3"
                                                name="./tagText3"/>
                                            <tagAction3
                                                jcr:primaryType="nt:unstructured"
                                                sling:resourceType="granite/ui/components/coral/foundation/form/textfield"
                                                emptyText="https://www.example.com or /web-page/learnmore.html"
                                                fieldDescription="Enter tag item three action."
                                                fieldLabel="Tag Item 3 Action (URL)"
                                                name="./tagAction3"
                                                text="http://"/>
                                            <tagText4
                                                jcr:primaryType="nt:unstructured"
                                                sling:resourceType="granite/ui/components/coral/foundation/form/textfield"
                                                fieldDescription="Tag text 4 for success stories."
                                                fieldLabel="Story Tag Text 4"
                                                name="./tagText4"/>
                                            <tagAction4
                                                jcr:primaryType="nt:unstructured"
                                                sling:resourceType="granite/ui/components/coral/foundation/form/textfield"
                                                emptyText="https://www.example.com or /web-page/learnmore.html"
                                                fieldDescription="Enter tag item four action."
                                                fieldLabel="Tag Item 4 Action (URL)"
                                                name="./tagAction4"
                                                text="http://"/>
                                            <tagText5
                                                jcr:primaryType="nt:unstructured"
                                                sling:resourceType="granite/ui/components/coral/foundation/form/textfield"
                                                fieldDescription="Tag text 5 for success stories."
                                                fieldLabel="Story Tag Text 5"
                                                name="./tagText5"/>
                                            <tagAction5
                                                jcr:primaryType="nt:unstructured"
                                                sling:resourceType="granite/ui/components/coral/foundation/form/textfield"
                                                emptyText="https://www.example.com or /web-page/learnmore.html"
                                                fieldDescription="Enter tag item five action."
                                                fieldLabel="Tag Item 5 Action (URL)"
                                                name="./tagAction5"
                                                text="http://"/>
                                        </items>
                                    </column>
                                </items>
                            </columns>
                        </items>
                    </tab2>
                </items>
            </mytabs>
        </items>
    </content>
</jcr:root>
