<?xml version="1.0" encoding="UTF-8"?>
<jcr:root xmlns:sling="http://sling.apache.org/jcr/sling/1.0" xmlns:cq="http://www.day.com/jcr/cq/1.0" xmlns:jcr="http://www.jcp.org/jcr/1.0" xmlns:nt="http://www.jcp.org/jcr/nt/1.0"
    jcr:primaryType="nt:unstructured"
    jcr:title="Configure Heading"
    sling:resourceType="cq/gui/components/authoring/dialog">
    <content
        jcr:primaryType="nt:unstructured"
        sling:resourceType="granite/ui/components/coral/foundation/container">
        <items jcr:primaryType="nt:unstructured">
            <mytabs
                jcr:primaryType="nt:unstructured"
                sling:resourceType="granite/ui/components/coral/foundation/tabs">
                <items jcr:primaryType="nt:unstructured">
                    <tab1
                        jcr:primaryType="nt:unstructured"
                        jcr:title="Edit Heading Background"
                        sling:resourceType="granite/ui/components/coral/foundation/container">
                        <items jcr:primaryType="nt:unstructured">
                            <columns
                                jcr:primaryType="nt:unstructured"
                                sling:resourceType="granite/ui/components/coral/foundation/fixedcolumns">
                                <items jcr:primaryType="nt:unstructured">
                                    <column
                                        jcr:primaryType="nt:unstructured"
                                        sling:resourceType="granite/ui/components/coral/foundation/container">
                                        <items jcr:primaryType="nt:unstructured">
                                            <banner
                                                jcr:primaryType="nt:unstructured"
                                                sling:resourceType="granite/ui/components/coral/foundation/form/fileupload"
                                                fieldDescription="Choose heading background image."
                                                fieldLabel="Choose Heading Background"
                                                name="./banner"
                                                required="{Boolean}true"
                                                text="Choose File"/>
                                        </items>
                                    </column>
                                </items>
                            </columns>
                        </items>
                    </tab1>
                    <tab2
                        jcr:primaryType="nt:unstructured"
                        jcr:title="Edit Heading Logo"
                        sling:resourceType="granite/ui/components/coral/foundation/container">
                        <items jcr:primaryType="nt:unstructured">
                            <columns
                                jcr:primaryType="nt:unstructured"
                                sling:resourceType="granite/ui/components/coral/foundation/fixedcolumns">
                                <items jcr:primaryType="nt:unstructured">
                                    <column
                                        jcr:primaryType="nt:unstructured"
                                        sling:resourceType="granite/ui/components/coral/foundation/container">
                                        <items jcr:primaryType="nt:unstructured">
                                            <logo
                                                jcr:primaryType="nt:unstructured"
                                                sling:resourceType="granite/ui/components/coral/foundation/form/fileupload"
                                                fieldDescription="Choose logo image."
                                                fieldLabel="Choose Logo"
                                                name="./logo"
                                                required="{Boolean}true"
                                                text="Choose File"/>
                                            <alt
                                                jcr:primaryType="nt:unstructured"
                                                sling:resourceType="granite/ui/components/coral/foundation/form/textfield"
                                                fieldDescription="Alternate text for logo."
                                                fieldLabel="Logo Alt"
                                                name="./alt"
                                                required="{Boolean}true"/>
                                            <action
                                                jcr:primaryType="nt:unstructured"
                                                sling:resourceType="granite/ui/components/coral/foundation/form/textfield"
                                                emptyText="https://www.example.com or /web-page/learnmore.html"
                                                fieldDescription="Action on logo click."
                                                fieldLabel="Logo Action (URL)"
                                                name="./action"
                                                required="{Boolean}true"
                                                text="http://"/>
                                        </items>
                                    </column>
                                </items>
                            </columns>
                        </items>
                    </tab2>
                    <tab3
                        jcr:primaryType="nt:unstructured"
                        jcr:title="Edit Heading Menu"
                        sling:resourceType="granite/ui/components/coral/foundation/container">
                        <items jcr:primaryType="nt:unstructured">
                            <columns
                                jcr:primaryType="nt:unstructured"
                                sling:resourceType="granite/ui/components/coral/foundation/fixedcolumns">
                                <items jcr:primaryType="nt:unstructured">
                                    <column
                                        jcr:primaryType="nt:unstructured"
                                        sling:resourceType="granite/ui/components/coral/foundation/container">
                                        <items jcr:primaryType="nt:unstructured">
                                            <menuItem1
                                                jcr:primaryType="nt:unstructured"
                                                sling:resourceType="granite/ui/components/coral/foundation/form/textfield"
                                                fieldDescription="Enter menu item text one. "
                                                fieldLabel="Menu Item Text 1"
                                                name="./menuItem1"
                                                required="{Boolean}true"/>
                                            <menuItemAction1
                                                jcr:primaryType="nt:unstructured"
                                                sling:resourceType="granite/ui/components/coral/foundation/form/textfield"
                                                emptyText="https://www.example.com or /web-page/learnmore.html"
                                                fieldDescription="Enter menu item one action."
                                                fieldLabel="Menu Item 1 Action (URL)"
                                                name="./menuItemAction1"
                                                required="{Boolean}true"
                                                text="http://"/>
                                            <menuItem2
                                                jcr:primaryType="nt:unstructured"
                                                sling:resourceType="granite/ui/components/coral/foundation/form/textfield"
                                                fieldDescription="Enter menu item text two. "
                                                fieldLabel="Menu Item Text 2"
                                                name="./menuItem2"
                                                required="{Boolean}true"/>
                                            <menuItemAction2
                                                jcr:primaryType="nt:unstructured"
                                                sling:resourceType="granite/ui/components/coral/foundation/form/textfield"
                                                emptyText="https://www.example.com or /web-page/learnmore.html"
                                                fieldDescription="Enter menu item two action."
                                                fieldLabel="Menu Item 2 Action (URL)"
                                                name="./menuItemAction2"
                                                text="http://"/>
                                            <menuItem3
                                                jcr:primaryType="nt:unstructured"
                                                sling:resourceType="granite/ui/components/coral/foundation/form/textfield"
                                                fieldDescription="Enter menu item text three. "
                                                fieldLabel="Menu Item Text 3"
                                                name="./menuItem3"
                                                required="{Boolean}true"/>
                                            <menuItemAction3
                                                jcr:primaryType="nt:unstructured"
                                                sling:resourceType="granite/ui/components/coral/foundation/form/textfield"
                                                emptyText="https://www.example.com or /web-page/learnmore.html"
                                                fieldDescription="Enter menu item three action."
                                                fieldLabel="Menu Item 3 Action (URL)"
                                                name="./menuItemAction3"
                                                required="{Boolean}true"
                                                text="http://"/>
                                            <menuItem4
                                                jcr:primaryType="nt:unstructured"
                                                sling:resourceType="granite/ui/components/coral/foundation/form/textfield"
                                                fieldDescription="Enter menu item text four. "
                                                fieldLabel="Menu Item Text 4"
                                                name="./menuItem4"/>
                                            <menuItemAction4
                                                jcr:primaryType="nt:unstructured"
                                                sling:resourceType="granite/ui/components/coral/foundation/form/textfield"
                                                emptyText="https://www.example.com or /web-page/learnmore.html"
                                                fieldDescription="Enter menu item four action."
                                                fieldLabel="Menu Item 4 Action (URL)"
                                                name="./menuItemAction4"
                                                text="http://"/>
                                            <menuItem5
                                                jcr:primaryType="nt:unstructured"
                                                sling:resourceType="granite/ui/components/coral/foundation/form/textfield"
                                                fieldDescription="Enter menu item text five. "
                                                fieldLabel="Menu Item Text 5"
                                                name="./menuItem5"/>
                                            <menuItemAction5
                                                jcr:primaryType="nt:unstructured"
                                                sling:resourceType="granite/ui/components/coral/foundation/form/textfield"
                                                emptyText="https://www.example.com or /web-page/learnmore.html"
                                                fieldDescription="Enter menu item five action."
                                                fieldLabel="Menu Item 5 Action (URL)"
                                                name="./menuItemAction5"
                                                text="http://"/>
                                            <menuItem6
                                                jcr:primaryType="nt:unstructured"
                                                sling:resourceType="granite/ui/components/coral/foundation/form/textfield"
                                                fieldDescription="Enter menu item text six. "
                                                fieldLabel="Menu Item Text 6"
                                                name="./menuItem6"/>
                                            <menuItemAction6
                                                jcr:primaryType="nt:unstructured"
                                                sling:resourceType="granite/ui/components/coral/foundation/form/textfield"
                                                emptyText="https://www.example.com or /web-page/learnmore.html"
                                                fieldDescription="Enter menu item six action."
                                                fieldLabel="Menu Item 6 Action (URL)"
                                                name="./menuItemAction6"
                                                text="http://"/>
                                            <menuItem7
                                                jcr:primaryType="nt:unstructured"
                                                sling:resourceType="granite/ui/components/coral/foundation/form/textfield"
                                                fieldDescription="Enter menu item text seven. "
                                                fieldLabel="Menu Item Text 7"
                                                name="./menuItem7"/>
                                            <menuItemAction7
                                                jcr:primaryType="nt:unstructured"
                                                sling:resourceType="granite/ui/components/coral/foundation/form/textfield"
                                                emptyText="https://www.example.com or /web-page/learnmore.html"
                                                fieldDescription="Enter menu item seven action."
                                                fieldLabel="Menu Item 7 Action (URL)"
                                                name="./menuItemAction7"
                                                text="http://"/>
                                        </items>
                                    </column>
                                </items>
                            </columns>
                        </items>
                    </tab3>
                    <tab4
                        jcr:primaryType="nt:unstructured"
                        jcr:title="Additional Heading Fields"
                        sling:resourceType="granite/ui/components/coral/foundation/container">
                        <items jcr:primaryType="nt:unstructured">
                            <columns
                                jcr:primaryType="nt:unstructured"
                                sling:resourceType="granite/ui/components/coral/foundation/fixedcolumns">
                                <items jcr:primaryType="nt:unstructured">
                                    <column
                                        jcr:primaryType="nt:unstructured"
                                        sling:resourceType="granite/ui/components/coral/foundation/container">
                                        <items jcr:primaryType="nt:unstructured">
                                            <headingTitle
                                                jcr:primaryType="nt:unstructured"
                                                sling:resourceType="granite/ui/components/coral/foundation/form/textfield"
                                                fieldDescription="Add page heading title."
                                                fieldLabel="Page Heading Title"
                                                name="./headingTitle"/>
                                            <headingSTitle
                                                jcr:primaryType="nt:unstructured"
                                                sling:resourceType="granite/ui/components/coral/foundation/form/textfield"
                                                fieldDescription="Add page heading sub-title."
                                                fieldLabel="Page Heading Subtitle"
                                                name="./headingSTitle"/>
                                        </items>
                                    </column>
                                </items>
                            </columns>
                        </items>
                    </tab4>
                </items>
            </mytabs>
        </items>
    </content>
</jcr:root>
